County,winner,officeid,party,votepct,less_than_HighSchool,has_HighSchool,some_College,Undergrad_plus,
Adams County,TRUE,G,GOP,72.0946,21.8,45.7,21.7,10.9,7209.46
Adams County,FALSE,G,Dem,24.9362,21.8,45.7,21.7,10.9,2493.62
Adams County,FALSE,G,Lib,1.7629,21.8,45.7,21.7,10.9,176.29
Adams County,FALSE,G,Grn,1.2062,21.8,45.7,21.7,10.9,120.62
Allen County,TRUE,G,GOP,67.5432,10.7,38.9,33,17.4,6754.32
Allen County,FALSE,G,Dem,29.8783,10.7,38.9,33,17.4,2987.83
Allen County,FALSE,G,Lib,1.6716,10.7,38.9,33,17.4,167.16
Allen County,FALSE,G,Grn,0.9069,10.7,38.9,33,17.4,90.69
Ashland County,TRUE,G,GOP,68.6537,12.6,43.1,24.7,19.6,6865.37
Ashland County,FALSE,G,Dem,27.5331,12.6,43.1,24.7,19.6,2753.31
Ashland County,FALSE,G,Lib,2.3432,12.6,43.1,24.7,19.6,234.32
Ashland County,FALSE,G,Grn,1.47,12.6,43.1,24.7,19.6,147
Ashtabula County,TRUE,G,GOP,53.4085,14.6,44.3,28,13.1,5340.85
Ashtabula County,FALSE,G,Dem,42.3467,14.6,44.3,28,13.1,4234.67
Ashtabula County,FALSE,G,Lib,2.4107,14.6,44.3,28,13.1,241.07
Ashtabula County,FALSE,G,Grn,1.8341,14.6,44.3,28,13.1,183.41
Athens County,TRUE,G,GOP,33.9186,10.3,32.9,27.7,29.1,3391.86
Athens County,FALSE,G,Dem,62.6263,10.3,32.9,27.7,29.1,6262.63
Athens County,FALSE,G,Lib,1.8456,10.3,32.9,27.7,29.1,184.56
Athens County,FALSE,G,Grn,1.6096,10.3,32.9,27.7,29.1,160.96
Auglaize County,TRUE,G,GOP,77.9525,7.2,44.6,30.4,17.8,7795.25
Auglaize County,FALSE,G,Dem,19.0349,7.2,44.6,30.4,17.8,1903.49
Auglaize County,FALSE,G,Lib,2.0315,7.2,44.6,30.4,17.8,203.15
Auglaize County,FALSE,G,Grn,0.9811,7.2,44.6,30.4,17.8,98.11
Belmont County,TRUE,G,GOP,62.8678,10.1,42.4,31.1,16.4,6286.78
Belmont County,FALSE,G,Dem,34.803,10.1,42.4,31.1,16.4,3480.3
Belmont County,FALSE,G,Lib,1.3362,10.1,42.4,31.1,16.4,133.62
Belmont County,FALSE,G,Grn,0.993,10.1,42.4,31.1,16.4,99.3
Brown County,TRUE,G,GOP,71.8296,14.7,47.7,25.1,12.4,7182.96
Brown County,FALSE,G,Dem,24.8562,14.7,47.7,25.1,12.4,2485.62
Brown County,FALSE,G,Lib,1.9652,14.7,47.7,25.1,12.4,196.52
Brown County,FALSE,G,Grn,1.3489,14.7,47.7,25.1,12.4,134.89
Butler County,TRUE,G,GOP,61.3954,10.3,33.3,27.2,29.1,6139.54
Butler County,FALSE,G,Dem,35.8039,10.3,33.3,27.2,29.1,3580.39
Butler County,FALSE,G,Lib,1.8828,10.3,33.3,27.2,29.1,188.28
Butler County,FALSE,G,Grn,0.9179,10.3,33.3,27.2,29.1,91.79
Carroll County,TRUE,G,GOP,65.7669,13,47.8,27.8,11.4,6576.69
Carroll County,FALSE,G,Dem,30.2236,13,47.8,27.8,11.4,3022.36
Carroll County,FALSE,G,Lib,2.4234,13,47.8,27.8,11.4,242.34
Carroll County,FALSE,G,Grn,1.5861,13,47.8,27.8,11.4,158.61
Champaign County,TRUE,G,GOP,67.6206,10.9,45.4,27.3,16.5,6762.06
Champaign County,FALSE,G,Dem,28.2452,10.9,45.4,27.3,16.5,2824.52
Champaign County,FALSE,G,Lib,2.7585,10.9,45.4,27.3,16.5,275.85
Champaign County,FALSE,G,Grn,1.3758,10.9,45.4,27.3,16.5,137.58
Clark County,TRUE,G,GOP,58.3034,12.8,37.1,32.1,18,5830.34
Clark County,FALSE,G,Dem,38.4864,12.8,37.1,32.1,18,3848.64
Clark County,FALSE,G,Lib,1.95,12.8,37.1,32.1,18,195
Clark County,FALSE,G,Grn,1.2602,12.8,37.1,32.1,18,126.02
Clermont County,TRUE,G,GOP,66.875,10.4,33.5,28.5,27.6,6687.5
Clermont County,FALSE,G,Dem,29.691,10.4,33.5,28.5,27.6,2969.1
Clermont County,FALSE,G,Lib,2.3102,10.4,33.5,28.5,27.6,231.02
Clermont County,FALSE,G,Grn,1.1239,10.4,33.5,28.5,27.6,112.39
Clinton County,TRUE,G,GOP,72.3006,11.5,42.2,29.8,16.5,7230.06
Clinton County,FALSE,G,Dem,24.266,11.5,42.2,29.8,16.5,2426.6
Clinton County,FALSE,G,Lib,2.2685,11.5,42.2,29.8,16.5,226.85
Clinton County,FALSE,G,Grn,1.1649,11.5,42.2,29.8,16.5,116.49
Columbiana County,TRUE,G,GOP,64.1335,12.4,45.4,28.3,13.9,6413.35
Columbiana County,FALSE,G,Dem,32.6658,12.4,45.4,28.3,13.9,3266.58
Columbiana County,FALSE,G,Lib,1.9997,12.4,45.4,28.3,13.9,199.97
Columbiana County,FALSE,G,Grn,1.201,12.4,45.4,28.3,13.9,120.1
Coshocton County,TRUE,G,GOP,65.2487,14.3,49.3,24.4,12.1,6524.87
Coshocton County,FALSE,G,Dem,31.2864,14.3,49.3,24.4,12.1,3128.64
Coshocton County,FALSE,G,Lib,2.2127,14.3,49.3,24.4,12.1,221.27
Coshocton County,FALSE,G,Grn,1.2521,14.3,49.3,24.4,12.1,125.21
Crawford County,TRUE,G,GOP,67.4589,11.5,45.8,30,12.7,6745.89
Crawford County,FALSE,G,Dem,29.0255,11.5,45.8,30,12.7,2902.55
Crawford County,FALSE,G,Lib,2.1586,11.5,45.8,30,12.7,215.86
Crawford County,FALSE,G,Grn,1.3571,11.5,45.8,30,12.7,135.71
Cuyahoga County,TRUE,G,GOP,31.4159,11.5,28.3,29.3,30.9,3141.59
Cuyahoga County,FALSE,G,Dem,66.2392,11.5,28.3,29.3,30.9,6623.92
Cuyahoga County,FALSE,G,Lib,1.2809,11.5,28.3,29.3,30.9,128.09
Cuyahoga County,FALSE,G,Grn,1.064,11.5,28.3,29.3,30.9,106.4
Darke County,TRUE,G,GOP,77.2153,11.1,48.5,27.3,13.1,7721.53
Darke County,FALSE,G,Dem,19.4358,11.1,48.5,27.3,13.1,1943.58
Darke County,FALSE,G,Lib,2.1894,11.1,48.5,27.3,13.1,218.94
Darke County,FALSE,G,Grn,1.1594,11.1,48.5,27.3,13.1,115.94
Defiance County,TRUE,G,GOP,63.453,10.2,44.6,29.5,15.8,6345.3
Defiance County,FALSE,G,Dem,33.1882,10.2,44.6,29.5,15.8,3318.82
Defiance County,FALSE,G,Lib,2.0965,10.2,44.6,29.5,15.8,209.65
Defiance County,FALSE,G,Grn,1.2622,10.2,44.6,29.5,15.8,126.22
Delaware County,TRUE,G,GOP,56.4901,3.4,20.5,23.7,52.5,5649.01
Delaware County,FALSE,G,Dem,41.5435,3.4,20.5,23.7,52.5,4154.35
Delaware County,FALSE,G,Lib,1.3037,3.4,20.5,23.7,52.5,130.37
Delaware County,FALSE,G,Grn,0.6627,3.4,20.5,23.7,52.5,66.27
Erie County,TRUE,G,GOP,48.326,9.4,38.3,30.7,21.6,4832.6
Erie County,FALSE,G,Dem,47.6949,9.4,38.3,30.7,21.6,4769.49
Erie County,FALSE,G,Lib,2.3692,9.4,38.3,30.7,21.6,236.92
Erie County,FALSE,G,Grn,1.6099,9.4,38.3,30.7,21.6,160.99
Fairfield County,TRUE,G,GOP,59.5881,8.3,33.8,31.5,26.4,5958.81
Fairfield County,FALSE,G,Dem,37.76,8.3,33.8,31.5,26.4,3776
Fairfield County,FALSE,G,Lib,1.6927,8.3,33.8,31.5,26.4,169.27
Fairfield County,FALSE,G,Grn,0.9592,8.3,33.8,31.5,26.4,95.92
Fayette County,TRUE,G,GOP,69.7722,12.6,49.4,23.5,14.5,6977.22
Fayette County,FALSE,G,Dem,27.8778,12.6,49.4,23.5,14.5,2787.78
Fayette County,FALSE,G,Lib,1.7058,12.6,49.4,23.5,14.5,170.58
Fayette County,FALSE,G,Grn,0.6442,12.6,49.4,23.5,14.5,64.42
Franklin County,TRUE,G,GOP,34.3304,9.6,25,27,38.4,3433.04
Franklin County,FALSE,G,Dem,63.431,9.6,25,27,38.4,6343.1
Franklin County,FALSE,G,Lib,1.3791,9.6,25,27,38.4,137.91
Franklin County,FALSE,G,Grn,0.8595,9.6,25,27,38.4,85.95
Fulton County,TRUE,G,GOP,64.3204,9.6,42,31.4,17,6432.04
Fulton County,FALSE,G,Dem,32.2348,9.6,42,31.4,17,3223.48
Fulton County,FALSE,G,Lib,2.4251,9.6,42,31.4,17,242.51
Fulton County,FALSE,G,Grn,1.0198,9.6,42,31.4,17,101.98
Gallia County,TRUE,G,GOP,70.2188,19.5,40.4,24.7,15.4,7021.88
Gallia County,FALSE,G,Dem,27.719,19.5,40.4,24.7,15.4,2771.9
Gallia County,FALSE,G,Lib,1.3085,19.5,40.4,24.7,15.4,130.85
Gallia County,FALSE,G,Grn,0.7537,19.5,40.4,24.7,15.4,75.37
Geauga County,TRUE,G,GOP,59.9606,8.9,27,26.8,37.3,5996.06
Geauga County,FALSE,G,Dem,37.2172,8.9,27,26.8,37.3,3721.72
Geauga County,FALSE,G,Lib,1.7548,8.9,27,26.8,37.3,175.48
Geauga County,FALSE,G,Grn,1.0673,8.9,27,26.8,37.3,106.73
Greene County,TRUE,G,GOP,61.4634,7.4,25.2,29.8,37.6,6146.34
Greene County,FALSE,G,Dem,35.4161,7.4,25.2,29.8,37.6,3541.61
Greene County,FALSE,G,Lib,2.1507,7.4,25.2,29.8,37.6,215.07
Greene County,FALSE,G,Grn,0.9698,7.4,25.2,29.8,37.6,96.98
Guernsey County,TRUE,G,GOP,65.2542,15.5,42.3,28.5,13.7,6525.42
Guernsey County,FALSE,G,Dem,31.3236,15.5,42.3,28.5,13.7,3132.36
Guernsey County,FALSE,G,Lib,1.9451,15.5,42.3,28.5,13.7,194.51
Guernsey County,FALSE,G,Grn,1.477,15.5,42.3,28.5,13.7,147.7
Hamilton County,TRUE,G,GOP,44.138,9.9,27,27.5,35.6,4413.8
Hamilton County,FALSE,G,Dem,53.1432,9.9,27,27.5,35.6,5314.32
Hamilton County,FALSE,G,Lib,1.6471,9.9,27,27.5,35.6,164.71
Hamilton County,FALSE,G,Grn,1.0718,9.9,27,27.5,35.6,107.18
Hancock County,TRUE,G,GOP,67.3058,7.5,36.4,30.3,25.8,6730.58
Hancock County,FALSE,G,Dem,29.5844,7.5,36.4,30.3,25.8,2958.44
Hancock County,FALSE,G,Lib,2.103,7.5,36.4,30.3,25.8,210.3
Hancock County,FALSE,G,Grn,1.0069,7.5,36.4,30.3,25.8,100.69
Hardin County,TRUE,G,GOP,67.0563,10.6,48.9,26.2,14.4,6705.63
Hardin County,FALSE,G,Dem,28.8853,10.6,48.9,26.2,14.4,2888.53
Hardin County,FALSE,G,Lib,2.5649,10.6,48.9,26.2,14.4,256.49
Hardin County,FALSE,G,Grn,1.4935,10.6,48.9,26.2,14.4,149.35
Harrison County,TRUE,G,GOP,66.1969,14.1,47.2,29,9.7,6619.69
Harrison County,FALSE,G,Dem,30.5324,14.1,47.2,29,9.7,3053.24
Harrison County,FALSE,G,Lib,1.9659,14.1,47.2,29,9.7,196.59
Harrison County,FALSE,G,Grn,1.3048,14.1,47.2,29,9.7,130.48
Henry County,TRUE,G,GOP,67.629,8.7,44.3,30.9,16,6762.9
Henry County,FALSE,G,Dem,28.7857,8.7,44.3,30.9,16,2878.57
Henry County,FALSE,G,Lib,2.2361,8.7,44.3,30.9,16,223.61
Henry County,FALSE,G,Grn,1.3492,8.7,44.3,30.9,16,134.92
Highland County,TRUE,G,GOP,73.0875,16.1,43.2,28.7,12,7308.75
Highland County,FALSE,G,Dem,23.7244,16.1,43.2,28.7,12,2372.44
Highland County,FALSE,G,Lib,2.0112,16.1,43.2,28.7,12,201.12
Highland County,FALSE,G,Grn,1.1769,16.1,43.2,28.7,12,117.69
Hocking County,TRUE,G,GOP,60.1326,11.6,45.3,29,14.1,6013.26
Hocking County,FALSE,G,Dem,36.2876,11.6,45.3,29,14.1,3628.76
Hocking County,FALSE,G,Lib,2.254,11.6,45.3,29,14.1,225.4
Hocking County,FALSE,G,Grn,1.3259,11.6,45.3,29,14.1,132.59
Holmes County,TRUE,G,GOP,79.0982,41.5,36.3,14.4,7.7,7909.82
Holmes County,FALSE,G,Dem,18.0023,41.5,36.3,14.4,7.7,1800.23
Holmes County,FALSE,G,Lib,2.0434,41.5,36.3,14.4,7.7,204.34
Holmes County,FALSE,G,Grn,0.8562,41.5,36.3,14.4,7.7,85.62
Huron County,TRUE,G,GOP,61.0548,12.3,47,27.2,13.5,6105.48
Huron County,FALSE,G,Dem,34.3088,12.3,47,27.2,13.5,3430.88
Huron County,FALSE,G,Lib,2.8515,12.3,47,27.2,13.5,285.15
Huron County,FALSE,G,Grn,1.7849,12.3,47,27.2,13.5,178.49
Jackson County,TRUE,G,GOP,67.7264,15.8,42.7,24.6,16.9,6772.64
Jackson County,FALSE,G,Dem,29.8566,15.8,42.7,24.6,16.9,2985.66
Jackson County,FALSE,G,Lib,1.4843,15.8,42.7,24.6,16.9,148.43
Jackson County,FALSE,G,Grn,0.9327,15.8,42.7,24.6,16.9,93.27
Jefferson County,TRUE,G,GOP,60.6082,10.1,42.2,32.2,15.4,6060.82
Jefferson County,FALSE,G,Dem,36.1641,10.1,42.2,32.2,15.4,3616.41
Jefferson County,FALSE,G,Lib,2.008,10.1,42.2,32.2,15.4,200.8
Jefferson County,FALSE,G,Grn,1.2197,10.1,42.2,32.2,15.4,121.97
Knox County,TRUE,G,GOP,65.4743,10.4,41.1,26.6,21.9,6547.43
Knox County,FALSE,G,Dem,31.3633,10.4,41.1,26.6,21.9,3136.33
Knox County,FALSE,G,Lib,1.9913,10.4,41.1,26.6,21.9,199.13
Knox County,FALSE,G,Grn,1.1711,10.4,41.1,26.6,21.9,117.11
Lake County,TRUE,G,GOP,53.6072,8.1,33.5,31.5,27,5360.72
Lake County,FALSE,G,Dem,43.3296,8.1,33.5,31.5,27,4332.96
Lake County,FALSE,G,Lib,1.8058,8.1,33.5,31.5,27,180.58
Lake County,FALSE,G,Grn,1.2574,8.1,33.5,31.5,27,125.74
Lawrence County,TRUE,G,GOP,65.8035,14.3,41.6,29.9,14.1,6580.35
Lawrence County,FALSE,G,Dem,31.8803,14.3,41.6,29.9,14.1,3188.03
Lawrence County,FALSE,G,Lib,1.5011,14.3,41.6,29.9,14.1,150.11
Lawrence County,FALSE,G,Grn,0.8151,14.3,41.6,29.9,14.1,81.51
Licking County,TRUE,G,GOP,60.7774,9.6,36.4,30.7,23.3,6077.74
Licking County,FALSE,G,Dem,36.5286,9.6,36.4,30.7,23.3,3652.86
Licking County,FALSE,G,Lib,1.7163,9.6,36.4,30.7,23.3,171.63
Licking County,FALSE,G,Grn,0.9777,9.6,36.4,30.7,23.3,97.77
Logan County,TRUE,G,GOP,71.831,10.4,49.2,24.9,15.6,7183.1
Logan County,FALSE,G,Dem,24.1537,10.4,49.2,24.9,15.6,2415.37
Logan County,FALSE,G,Lib,2.7119,10.4,49.2,24.9,15.6,271.19
Logan County,FALSE,G,Grn,1.3034,10.4,49.2,24.9,15.6,130.34
Lorain County,TRUE,G,GOP,45.8187,10.8,32.2,33.5,23.5,4581.87
Lorain County,FALSE,G,Dem,51.207,10.8,32.2,33.5,23.5,5120.7
Lorain County,FALSE,G,Lib,1.8027,10.8,32.2,33.5,23.5,180.27
Lorain County,FALSE,G,Grn,1.1716,10.8,32.2,33.5,23.5,117.16
Lucas County,TRUE,G,GOP,37.6475,11.2,30.4,33.3,25.1,3764.75
Lucas County,FALSE,G,Dem,58.9065,11.2,30.4,33.3,25.1,5890.65
Lucas County,FALSE,G,Lib,2.1546,11.2,30.4,33.3,25.1,215.46
Lucas County,FALSE,G,Grn,1.2914,11.2,30.4,33.3,25.1,129.14
Madison County,TRUE,G,GOP,65.4431,13.3,42,28.4,16.4,6544.31
Madison County,FALSE,G,Dem,31.6617,13.3,42,28.4,16.4,3166.17
Madison County,FALSE,G,Lib,1.8095,13.3,42,28.4,16.4,180.95
Madison County,FALSE,G,Grn,1.0857,13.3,42,28.4,16.4,108.57
Mahoning County,TRUE,G,GOP,42.7706,9.9,37.9,29.4,22.8,4277.06
Mahoning County,FALSE,G,Dem,54.7359,9.9,37.9,29.4,22.8,5473.59
Mahoning County,FALSE,G,Lib,1.3853,9.9,37.9,29.4,22.8,138.53
Mahoning County,FALSE,G,Grn,1.1082,9.9,37.9,29.4,22.8,110.82
Marion County,TRUE,G,GOP,61.5873,13.4,43.1,31.2,12.3,6158.73
Marion County,FALSE,G,Dem,34.6763,13.4,43.1,31.2,12.3,3467.63
Marion County,FALSE,G,Lib,2.2892,13.4,43.1,31.2,12.3,228.92
Marion County,FALSE,G,Grn,1.4472,13.4,43.1,31.2,12.3,144.72
Medina County,TRUE,G,GOP,57.9737,6.4,31.9,30.3,31.5,5797.37
Medina County,FALSE,G,Dem,39.1684,6.4,31.9,30.3,31.5,3916.84
Medina County,FALSE,G,Lib,1.7782,6.4,31.9,30.3,31.5,177.82
Medina County,FALSE,G,Grn,1.0796,6.4,31.9,30.3,31.5,107.96
Meigs County,TRUE,G,GOP,68.594,16,43.2,27.3,13.4,6859.4
Meigs County,FALSE,G,Dem,28.9613,16,43.2,27.3,13.4,2896.13
Meigs County,FALSE,G,Lib,1.6298,16,43.2,27.3,13.4,162.98
Meigs County,FALSE,G,Grn,0.8149,16,43.2,27.3,13.4,81.49
Mercer County,TRUE,G,GOP,79.0683,8.2,47.8,27.1,16.8,7906.83
Mercer County,FALSE,G,Dem,18.2429,8.2,47.8,27.1,16.8,1824.29
Mercer County,FALSE,G,Lib,1.7828,8.2,47.8,27.1,16.8,178.28
Mercer County,FALSE,G,Grn,0.906,8.2,47.8,27.1,16.8,90.6
Miami County,TRUE,G,GOP,70.5128,10.9,36,32,21.1,7051.28
Miami County,FALSE,G,Dem,25.6239,10.9,36,32,21.1,2562.39
Miami County,FALSE,G,Lib,2.5384,10.9,36,32,21.1,253.84
Miami County,FALSE,G,Grn,1.3249,10.9,36,32,21.1,132.49
Monroe County,TRUE,G,GOP,62.6374,12.5,51.1,25.7,10.7,6263.74
Monroe County,FALSE,G,Dem,34.3014,12.5,51.1,25.7,10.7,3430.14
Monroe County,FALSE,G,Lib,2.0408,12.5,51.1,25.7,10.7,204.08
Monroe County,FALSE,G,Grn,1.0204,12.5,51.1,25.7,10.7,102.04
Montgomery County,TRUE,G,GOP,48.8065,10.4,28.4,35.1,26.1,4880.65
Montgomery County,FALSE,G,Dem,48.2504,10.4,28.4,35.1,26.1,4825.04
Montgomery County,FALSE,G,Lib,1.9302,10.4,28.4,35.1,26.1,193.02
Montgomery County,FALSE,G,Grn,1.0128,10.4,28.4,35.1,26.1,101.28
Morgan County,TRUE,G,GOP,64.5529,12.3,46.7,28.9,12.2,6455.29
Morgan County,FALSE,G,Dem,32.6265,12.3,46.7,28.9,12.2,3262.65
Morgan County,FALSE,G,Lib,1.6403,12.3,46.7,28.9,12.2,164.03
Morgan County,FALSE,G,Grn,1.1802,12.3,46.7,28.9,12.2,118.02
Morrow County,TRUE,G,GOP,69.1574,13.9,45.5,27.1,13.5,6915.74
Morrow County,FALSE,G,Dem,27.272,13.9,45.5,27.1,13.5,2727.2
Morrow County,FALSE,G,Lib,2.2008,13.9,45.5,27.1,13.5,220.08
Morrow County,FALSE,G,Grn,1.3698,13.9,45.5,27.1,13.5,136.98
Muskingum County,TRUE,G,GOP,63.9667,13.5,41.4,30,15.1,6396.67
Muskingum County,FALSE,G,Dem,33.0904,13.5,41.4,30,15.1,3309.04
Muskingum County,FALSE,G,Lib,1.6667,13.5,41.4,30,15.1,166.67
Muskingum County,FALSE,G,Grn,1.2762,13.5,41.4,30,15.1,127.62
Noble County,TRUE,G,GOP,67.8579,15.9,49.8,24.8,9.5,6785.79
Noble County,FALSE,G,Dem,28.9191,15.9,49.8,24.8,9.5,2891.91
Noble County,FALSE,G,Lib,1.8636,15.9,49.8,24.8,9.5,186.36
Noble County,FALSE,G,Grn,1.3594,15.9,49.8,24.8,9.5,135.94
Ottawa County,TRUE,G,GOP,54.1448,7.7,37.7,33.3,21.3,5414.48
Ottawa County,FALSE,G,Dem,42.1393,7.7,37.7,33.3,21.3,4213.93
Ottawa County,FALSE,G,Lib,2.3844,7.7,37.7,33.3,21.3,238.44
Ottawa County,FALSE,G,Grn,1.3315,7.7,37.7,33.3,21.3,133.15
Paulding County,TRUE,G,GOP,68.4435,9.8,49.7,27.5,13,6844.35
Paulding County,FALSE,G,Dem,28.5083,9.8,49.7,27.5,13,2850.83
Paulding County,FALSE,G,Lib,1.9732,9.8,49.7,27.5,13,197.32
Paulding County,FALSE,G,Grn,1.075,9.8,49.7,27.5,13,107.5
Perry County,TRUE,G,GOP,63.9292,16.1,44.3,27.7,12,6392.92
Perry County,FALSE,G,Dem,32.4971,16.1,44.3,27.7,12,3249.71
Perry County,FALSE,G,Lib,2.1829,16.1,44.3,27.7,12,218.29
Perry County,FALSE,G,Grn,1.3907,16.1,44.3,27.7,12,139.07
Pickaway County,TRUE,G,GOP,66.3134,12.9,43.3,26.5,17.3,6631.34
Pickaway County,FALSE,G,Dem,31.0295,12.9,43.3,26.5,17.3,3102.95
Pickaway County,FALSE,G,Lib,1.7202,12.9,43.3,26.5,17.3,172.02
Pickaway County,FALSE,G,Grn,0.9369,12.9,43.3,26.5,17.3,93.69
Pike County,TRUE,G,GOP,60.4353,21.9,40.7,25.2,12.3,6043.53
Pike County,FALSE,G,Dem,36.5407,21.9,40.7,25.2,12.3,3654.07
Pike County,FALSE,G,Lib,1.764,21.9,40.7,25.2,12.3,176.4
Pike County,FALSE,G,Grn,1.26,21.9,40.7,25.2,12.3,126
Portage County,TRUE,G,GOP,49.0723,8.1,37.2,27.4,27.3,4907.23
Portage County,FALSE,G,Dem,46.9837,8.1,37.2,27.4,27.3,4698.37
Portage County,FALSE,G,Lib,2.3745,8.1,37.2,27.4,27.3,237.45
Portage County,FALSE,G,Grn,1.5694,8.1,37.2,27.4,27.3,156.94
Preble County,TRUE,G,GOP,72.0246,11.2,44.8,30.5,13.5,7202.46
Preble County,FALSE,G,Dem,23.2071,11.2,44.8,30.5,13.5,2320.71
Preble County,FALSE,G,Lib,3.1532,11.2,44.8,30.5,13.5,315.32
Preble County,FALSE,G,Grn,1.6151,11.2,44.8,30.5,13.5,161.51
Putnam County,TRUE,G,GOP,79.831,7.1,42.3,31.1,19.4,7983.1
Putnam County,FALSE,G,Dem,17.9742,7.1,42.3,31.1,19.4,1797.42
Putnam County,FALSE,G,Lib,1.3905,7.1,42.3,31.1,19.4,139.05
Putnam County,FALSE,G,Grn,0.8043,7.1,42.3,31.1,19.4,80.43
Richland County,TRUE,G,GOP,63.7173,12.8,40.9,29.9,16.4,6371.73
Richland County,FALSE,G,Dem,33.0303,12.8,40.9,29.9,16.4,3303.03
Richland County,FALSE,G,Lib,2.0624,12.8,40.9,29.9,16.4,206.24
Richland County,FALSE,G,Grn,1.1899,12.8,40.9,29.9,16.4,118.99
Ross County,TRUE,G,GOP,59.7536,14.3,43.6,26.8,15.3,5975.36
Ross County,FALSE,G,Dem,37.2874,14.3,43.6,26.8,15.3,3728.74
Ross County,FALSE,G,Lib,1.9595,14.3,43.6,26.8,15.3,195.95
Ross County,FALSE,G,Grn,0.9995,14.3,43.6,26.8,15.3,99.95
Sandusky County,TRUE,G,GOP,56.0787,10.7,42.3,32.2,14.8,5607.87
Sandusky County,FALSE,G,Dem,39.3829,10.7,42.3,32.2,14.8,3938.29
Sandusky County,FALSE,G,Lib,2.8554,10.7,42.3,32.2,14.8,285.54
Sandusky County,FALSE,G,Grn,1.6829,10.7,42.3,32.2,14.8,168.29
Scioto County,TRUE,G,GOP,60.8211,15.9,40.6,28.5,15,6082.11
Scioto County,FALSE,G,Dem,36.9669,15.9,40.6,28.5,15,3696.69
Scioto County,FALSE,G,Lib,1.3642,15.9,40.6,28.5,15,136.42
Scioto County,FALSE,G,Grn,0.8478,15.9,40.6,28.5,15,84.78
Seneca County,TRUE,G,GOP,61.5131,9.2,45.5,30.6,14.7,6151.31
Seneca County,FALSE,G,Dem,34.4473,9.2,45.5,30.6,14.7,3444.73
Seneca County,FALSE,G,Lib,2.3578,9.2,45.5,30.6,14.7,235.78
Seneca County,FALSE,G,Grn,1.6818,9.2,45.5,30.6,14.7,168.18
Shelby County,TRUE,G,GOP,74.8929,9.3,43.4,30.2,17.1,7489.29
Shelby County,FALSE,G,Dem,21.6976,9.3,43.4,30.2,17.1,2169.76
Shelby County,FALSE,G,Lib,2.1687,9.3,43.4,30.2,17.1,216.87
Shelby County,FALSE,G,Grn,1.2408,9.3,43.4,30.2,17.1,124.08
Stark County,TRUE,G,GOP,53.8979,9.6,37.9,29.9,22.6,5389.79
Stark County,FALSE,G,Dem,42.7743,9.6,37.9,29.9,22.6,4277.43
Stark County,FALSE,G,Lib,1.9986,9.6,37.9,29.9,22.6,199.86
Stark County,FALSE,G,Grn,1.3293,9.6,37.9,29.9,22.6,132.93
Summit County,TRUE,G,GOP,41.8546,9,32.1,28.1,30.7,4185.46
Summit County,FALSE,G,Dem,55.313,9,32.1,28.1,30.7,5531.3
Summit County,FALSE,G,Lib,1.6683,9,32.1,28.1,30.7,166.83
Summit County,FALSE,G,Grn,1.1641,9,32.1,28.1,30.7,116.41
Trumbull County,TRUE,G,GOP,45.7545,11.1,45.2,25.7,18,4575.45
Trumbull County,FALSE,G,Dem,51.4451,11.1,45.2,25.7,18,5144.51
Trumbull County,FALSE,G,Lib,1.62,11.1,45.2,25.7,18,162
Trumbull County,FALSE,G,Grn,1.1803,11.1,45.2,25.7,18,118.03
Tuscarawas County,TRUE,G,GOP,60.1489,14.1,46.4,24.5,15,6014.89
Tuscarawas County,FALSE,G,Dem,36.0786,14.1,46.4,24.5,15,3607.86
Tuscarawas County,FALSE,G,Lib,2.3215,14.1,46.4,24.5,15,232.15
Tuscarawas County,FALSE,G,Grn,1.451,14.1,46.4,24.5,15,145.1
Union County,TRUE,G,GOP,64.9876,8.1,35.7,27.2,29.1,6498.76
Union County,FALSE,G,Dem,31.7228,8.1,35.7,27.2,29.1,3172.28
Union County,FALSE,G,Lib,2.3216,8.1,35.7,27.2,29.1,232.16
Union County,FALSE,G,Grn,0.968,8.1,35.7,27.2,29.1,96.8
Van Wert County,TRUE,G,GOP,75.7374,8.5,47.6,26.8,17.2,7573.74
Van Wert County,FALSE,G,Dem,21.3789,8.5,47.6,26.8,17.2,2137.89
Van Wert County,FALSE,G,Lib,1.9632,8.5,47.6,26.8,17.2,196.32
Van Wert County,FALSE,G,Grn,0.9205,8.5,47.6,26.8,17.2,92.05
Vinton County,TRUE,G,GOP,63.0489,19.2,46.3,25,9.6,6304.89
Vinton County,FALSE,G,Dem,34.0569,19.2,46.3,25,9.6,3405.69
Vinton County,FALSE,G,Lib,1.7465,19.2,46.3,25,9.6,174.65
Vinton County,FALSE,G,Grn,1.1477,19.2,46.3,25,9.6,114.77
Warren County,TRUE,G,GOP,66.6032,7.1,26.1,25.8,41,6660.32
Warren County,FALSE,G,Dem,30.7997,7.1,26.1,25.8,41,3079.97
Warren County,FALSE,G,Lib,1.8487,7.1,26.1,25.8,41,184.87
Warren County,FALSE,G,Grn,0.7484,7.1,26.1,25.8,41,74.84
Washington County,TRUE,G,GOP,66.2918,9.8,41.3,30.5,18.4,6629.18
Washington County,FALSE,G,Dem,30.886,9.8,41.3,30.5,18.4,3088.6
Washington County,FALSE,G,Lib,1.8464,9.8,41.3,30.5,18.4,184.64
Washington County,FALSE,G,Grn,0.9757,9.8,41.3,30.5,18.4,97.57
Wayne County,TRUE,G,GOP,63.1914,14.6,40.5,23.4,21.5,6319.14
Wayne County,FALSE,G,Dem,33.542,14.6,40.5,23.4,21.5,3354.2
Wayne County,FALSE,G,Lib,2.0531,14.6,40.5,23.4,21.5,205.31
Wayne County,FALSE,G,Grn,1.2136,14.6,40.5,23.4,21.5,121.36
Williams County,TRUE,G,GOP,69.5563,11.4,45,29.4,14.2,6955.63
Williams County,FALSE,G,Dem,26.8385,11.4,45,29.4,14.2,2683.85
Williams County,FALSE,G,Lib,2.2447,11.4,45,29.4,14.2,224.47
Williams County,FALSE,G,Grn,1.3604,11.4,45,29.4,14.2,136.04
Wood County,TRUE,G,GOP,50.7045,5.9,31.4,31,31.7,5070.45
Wood County,FALSE,G,Dem,45.6581,5.9,31.4,31,31.7,4565.81
Wood County,FALSE,G,Lib,2.323,5.9,31.4,31,31.7,232.3
Wood County,FALSE,G,Grn,1.3145,5.9,31.4,31,31.7,131.45
Wyandot County,TRUE,G,GOP,68.1513,9.7,48,27.7,14.6,6815.13
Wyandot County,FALSE,G,Dem,28.0791,9.7,48,27.7,14.6,2807.91
Wyandot County,FALSE,G,Lib,2.2642,9.7,48,27.7,14.6,226.42
Wyandot County,FALSE,G,Grn,1.5053,9.7,48,27.7,14.6,150.53
Hamilton County,TRUE,H,GOP,44.7503,9.9,27,27.5,35.6,4475.03
Hamilton County,FALSE,H,Dem,53.6569,9.9,27,27.5,35.6,5365.69
Hamilton County,FALSE,H,Lib,1.5928,9.9,27,27.5,35.6,159.28
Warren County,TRUE,H,GOP,65.8055,7.1,26.1,25.8,41,6580.55
Warren County,FALSE,H,Dem,32.1105,7.1,26.1,25.8,41,3211.05
Warren County,FALSE,H,Lib,2.084,7.1,26.1,25.8,41,208.4
Franklin County,TRUE,H,Dem,73.3197,9.6,25,27,38.4,7331.97
Franklin County,FALSE,H,GOP,26.6803,9.6,25,27,38.4,2668.03
Allen County,TRUE,H,GOP,68.125,10.7,38.9,33,17.4,6812.5
Allen County,FALSE,H,Dem,31.875,10.7,38.9,33,17.4,3187.5
Auglaize County,TRUE,H,GOP,80.3502,7.2,44.6,30.4,17.8,8035.02
Auglaize County,FALSE,H,Dem,19.6498,7.2,44.6,30.4,17.8,1964.98
Champaign County,TRUE,H,GOP,71.9226,10.9,45.4,27.3,16.5,7192.26
Champaign County,FALSE,H,Dem,28.0774,10.9,45.4,27.3,16.5,2807.74
Crawford County,TRUE,H,GOP,71.5102,11.5,45.8,30,12.7,7151.02
Crawford County,FALSE,H,Dem,28.4898,11.5,45.8,30,12.7,2848.98
Erie County,TRUE,H,GOP,61.8665,9.4,38.3,30.7,21.6,6186.65
Erie County,FALSE,H,Dem,38.1335,9.4,38.3,30.7,21.6,3813.35
Huron County,TRUE,H,GOP,59.1261,12.3,47,27.2,13.5,5912.61
Huron County,FALSE,H,Dem,40.8739,12.3,47,27.2,13.5,4087.39
Logan County,TRUE,H,GOP,75.8149,10.4,49.2,24.9,15.6,7581.49
Logan County,FALSE,H,Dem,24.1851,10.4,49.2,24.9,15.6,2418.51
Lorain County,TRUE,H,GOP,42.4304,10.8,32.2,33.5,23.5,4243.04
Lorain County,FALSE,H,Dem,57.5696,10.8,32.2,33.5,23.5,5756.96
Marion County,TRUE,H,GOP,65.2196,13.4,43.1,31.2,12.3,6521.96
Marion County,FALSE,H,Dem,34.7804,13.4,43.1,31.2,12.3,3478.04
Mercer County,TRUE,H,GOP,79.2361,8.2,47.8,27.1,16.8,7923.61
Mercer County,FALSE,H,Dem,20.7639,8.2,47.8,27.1,16.8,2076.39
Sandusky County,TRUE,H,GOP,60.2549,10.7,42.3,32.2,14.8,6025.49
Sandusky County,FALSE,H,Dem,39.7451,10.7,42.3,32.2,14.8,3974.51
Seneca County,TRUE,H,GOP,64.8861,9.2,45.5,30.6,14.7,6488.61
Seneca County,FALSE,H,Dem,35.1139,9.2,45.5,30.6,14.7,3511.39
Shelby County,TRUE,H,GOP,80.1549,9.3,43.4,30.2,17.1,8015.49
Shelby County,FALSE,H,Dem,19.8451,9.3,43.4,30.2,17.1,1984.51
Union County,TRUE,H,GOP,68.5427,8.1,35.7,27.2,29.1,6854.27
Union County,FALSE,H,Dem,31.4573,8.1,35.7,27.2,29.1,3145.73
Defiance County,TRUE,H,GOP,65.9345,10.2,44.6,29.5,15.8,6593.45
Defiance County,FALSE,H,Dem,31.5789,10.2,44.6,29.5,15.8,3157.89
Defiance County,FALSE,H,Lib,2.4866,10.2,44.6,29.5,15.8,248.66
Fulton County,TRUE,H,GOP,68.7177,9.6,42,31.4,17,6871.77
Fulton County,FALSE,H,Dem,28.9865,9.6,42,31.4,17,2898.65
Fulton County,FALSE,H,Lib,2.2958,9.6,42,31.4,17,229.58
Hancock County,TRUE,H,GOP,70.6612,7.5,36.4,30.3,25.8,7066.12
Hancock County,FALSE,H,Dem,26.7766,7.5,36.4,30.3,25.8,2677.66
Hancock County,FALSE,H,Lib,2.5623,7.5,36.4,30.3,25.8,256.23
Hardin County,TRUE,H,GOP,70.3281,10.6,48.9,26.2,14.4,7032.81
Hardin County,FALSE,H,Dem,26.5863,10.6,48.9,26.2,14.4,2658.63
Hardin County,FALSE,H,Lib,3.0856,10.6,48.9,26.2,14.4,308.56
Henry County,TRUE,H,GOP,72.3568,8.7,44.3,30.9,16,7235.68
Henry County,FALSE,H,Dem,25.4178,8.7,44.3,30.9,16,2541.78
Henry County,FALSE,H,Lib,2.2254,8.7,44.3,30.9,16,222.54
Lucas County,TRUE,H,GOP,50.376,11.2,30.4,33.3,25.1,5037.6
Lucas County,FALSE,H,Dem,47.0794,11.2,30.4,33.3,25.1,4707.94
Lucas County,FALSE,H,Lib,2.5446,11.2,30.4,33.3,25.1,254.46
Mercer County,TRUE,H,GOP,75.4395,8.2,47.8,27.1,16.8,7543.95
Mercer County,FALSE,H,Dem,21.989,8.2,47.8,27.1,16.8,2198.9
Mercer County,FALSE,H,Lib,2.5715,8.2,47.8,27.1,16.8,257.15
Ottawa County,TRUE,H,GOP,61.803,7.7,37.7,33.3,21.3,6180.3
Ottawa County,FALSE,H,Dem,35.0953,7.7,37.7,33.3,21.3,3509.53
Ottawa County,FALSE,H,Lib,3.1016,7.7,37.7,33.3,21.3,310.16
Paulding County,TRUE,H,GOP,68.3265,9.8,49.7,27.5,13,6832.65
Paulding County,FALSE,H,Dem,28.4463,9.8,49.7,27.5,13,2844.63
Paulding County,FALSE,H,Lib,3.2272,9.8,49.7,27.5,13,322.72
Putnam County,TRUE,H,GOP,83.0523,7.1,42.3,31.1,19.4,8305.23
Putnam County,FALSE,H,Dem,14.8538,7.1,42.3,31.1,19.4,1485.38
Putnam County,FALSE,H,Lib,2.0938,7.1,42.3,31.1,19.4,209.38
Van Wert County,TRUE,H,GOP,77.0175,8.5,47.6,26.8,17.2,7701.75
Van Wert County,FALSE,H,Dem,20.3018,8.5,47.6,26.8,17.2,2030.18
Van Wert County,FALSE,H,Lib,2.6807,8.5,47.6,26.8,17.2,268.07
Williams County,TRUE,H,GOP,71.1845,11.4,45,29.4,14.2,7118.45
Williams County,FALSE,H,Dem,25.7616,11.4,45,29.4,14.2,2576.16
Williams County,FALSE,H,Lib,3.0539,11.4,45,29.4,14.2,305.39
Wood County,TRUE,H,GOP,55.2684,5.9,31.4,31,31.7,5526.84
Wood County,FALSE,H,Dem,42.1885,5.9,31.4,31,31.7,4218.85
Wood County,FALSE,H,Lib,2.5431,5.9,31.4,31,31.7,254.31
Wyandot County,TRUE,H,GOP,73.2263,9.7,48,27.7,14.6,7322.63
Wyandot County,FALSE,H,Dem,24.0229,9.7,48,27.7,14.6,2402.29
Wyandot County,FALSE,H,Lib,2.7508,9.7,48,27.7,14.6,275.08
Athens County,TRUE,H,GOP,72.9635,10.3,32.9,27.7,29.1,7296.35
Athens County,FALSE,H,Dem,27.0365,10.3,32.9,27.7,29.1,2703.65
Belmont County,TRUE,H,GOP,67.1937,10.1,42.4,31.1,16.4,6719.37
Belmont County,FALSE,H,Dem,32.8063,10.1,42.4,31.1,16.4,3280.63
Carroll County,TRUE,H,GOP,72.161,13,47.8,27.8,11.4,7216.1
Carroll County,FALSE,H,Dem,27.839,13,47.8,27.8,11.4,2783.9
Columbiana County,TRUE,H,GOP,69.8814,12.4,45.4,28.3,13.9,6988.14
Columbiana County,FALSE,H,Dem,30.1186,12.4,45.4,28.3,13.9,3011.86
Gallia County,TRUE,H,GOP,75.2713,19.5,40.4,24.7,15.4,7527.13
Gallia County,FALSE,H,Dem,24.7287,19.5,40.4,24.7,15.4,2472.87
Guernsey County,TRUE,H,GOP,71.4077,15.5,42.3,28.5,13.7,7140.77
Guernsey County,FALSE,H,Dem,28.5923,15.5,42.3,28.5,13.7,2859.23
Harrison County,TRUE,H,GOP,71.3663,14.1,47.2,29,9.7,7136.63
Harrison County,FALSE,H,Dem,28.6337,14.1,47.2,29,9.7,2863.37
Jackson County,TRUE,H,GOP,72.6257,15.8,42.7,24.6,16.9,7262.57
Jackson County,FALSE,H,Dem,27.3743,15.8,42.7,24.6,16.9,2737.43
Jefferson County,TRUE,H,GOP,65.3751,10.1,42.2,32.2,15.4,6537.51
Jefferson County,FALSE,H,Dem,34.6249,10.1,42.2,32.2,15.4,3462.49
Lawrence County,TRUE,H,GOP,68.9676,14.3,41.6,29.9,14.1,6896.76
Lawrence County,FALSE,H,Dem,31.0324,14.3,41.6,29.9,14.1,3103.24
Mahoning County,TRUE,H,GOP,66.0735,9.9,37.9,29.4,22.8,6607.35
Mahoning County,FALSE,H,Dem,33.9265,9.9,37.9,29.4,22.8,3392.65
Meigs County,TRUE,H,GOP,72.7166,16,43.2,27.3,13.4,7271.66
Meigs County,FALSE,H,Dem,27.2834,16,43.2,27.3,13.4,2728.34
Monroe County,TRUE,H,GOP,66.5191,12.5,51.1,25.7,10.7,6651.91
Monroe County,FALSE,H,Dem,33.4809,12.5,51.1,25.7,10.7,3348.09
Muskingum County,TRUE,H,GOP,73.4742,13.5,41.4,30,15.1,7347.42
Muskingum County,FALSE,H,Dem,26.5258,13.5,41.4,30,15.1,2652.58
Noble County,TRUE,H,GOP,75.2557,15.9,49.8,24.8,9.5,7525.57
Noble County,FALSE,H,Dem,24.7443,15.9,49.8,24.8,9.5,2474.43
Scioto County,TRUE,H,GOP,70.8093,15.9,40.6,28.5,15,7080.93
Scioto County,FALSE,H,Dem,29.1907,15.9,40.6,28.5,15,2919.07
Tuscarawas County,TRUE,H,GOP,65.3955,14.1,46.4,24.5,15,6539.55
Tuscarawas County,FALSE,H,Dem,34.6045,14.1,46.4,24.5,15,3460.45
Washington County,TRUE,H,GOP,68.1436,9.8,41.3,30.5,18.4,6814.36
Washington County,FALSE,H,Dem,31.8564,9.8,41.3,30.5,18.4,3185.64
Ashland County,TRUE,H,GOP,67.9665,12.6,43.1,24.7,19.6,6796.65
Ashland County,FALSE,H,Dem,32.0335,12.6,43.1,24.7,19.6,3203.35
Coshocton County,TRUE,H,GOP,68.9136,14.3,49.3,24.4,12.1,6891.36
Coshocton County,FALSE,H,Dem,31.0864,14.3,49.3,24.4,12.1,3108.64
Holmes County,TRUE,H,GOP,79.4744,41.5,36.3,14.4,7.7,7947.44
Holmes County,FALSE,H,Dem,20.5256,41.5,36.3,14.4,7.7,2052.56
Huron County,TRUE,H,GOP,66.4975,12.3,47,27.2,13.5,6649.75
Huron County,FALSE,H,Dem,33.5025,12.3,47,27.2,13.5,3350.25
Knox County,TRUE,H,GOP,66.0095,10.4,41.1,26.6,21.9,6600.95
Knox County,FALSE,H,Dem,33.9905,10.4,41.1,26.6,21.9,3399.05
Lorain County,TRUE,H,GOP,51.8321,10.8,32.2,33.5,23.5,5183.21
Lorain County,FALSE,H,Dem,48.1679,10.8,32.2,33.5,23.5,4816.79
Medina County,TRUE,H,GOP,58.8727,6.4,31.9,30.3,31.5,5887.27
Medina County,FALSE,H,Dem,41.1273,6.4,31.9,30.3,31.5,4112.73
Richland County,TRUE,H,GOP,67.5573,12.8,40.9,29.9,16.4,6755.73
Richland County,FALSE,H,Dem,32.4427,12.8,40.9,29.9,16.4,3244.27
Stark County,TRUE,H,GOP,50.6977,9.6,37.9,29.9,22.6,5069.77
Stark County,FALSE,H,Dem,49.3023,9.6,37.9,29.9,22.6,4930.23
Tuscarawas County,TRUE,H,GOP,61.3374,14.1,46.4,24.5,15,6133.74
Tuscarawas County,FALSE,H,Dem,38.6626,14.1,46.4,24.5,15,3866.26
Cuyahoga County,TRUE,H,Dem,67.8716,11.5,28.3,29.3,30.9,6787.16
Cuyahoga County,FALSE,H,GOP,32.1284,11.5,28.3,29.3,30.9,3212.84
Erie County,TRUE,H,Dem,56.8157,9.4,38.3,30.7,21.6,5681.57
Erie County,FALSE,H,GOP,43.1843,9.4,38.3,30.7,21.6,4318.43
Lorain County,TRUE,H,Dem,61.2797,10.8,32.2,33.5,23.5,6127.97
Lorain County,FALSE,H,GOP,38.7203,10.8,32.2,33.5,23.5,3872.03
Lucas County,TRUE,H,Dem,77.279,11.2,30.4,33.3,25.1,7727.9
Lucas County,FALSE,H,GOP,22.721,11.2,30.4,33.3,25.1,2272.1
Ottawa County,TRUE,H,Dem,50.2202,7.7,37.7,33.3,21.3,5022.02
Ottawa County,FALSE,H,GOP,49.7798,7.7,37.7,33.3,21.3,4977.98
Fayette County,TRUE,H,GOP,71.4915,12.6,49.4,23.5,14.5,7149.15
Fayette County,FALSE,H,Dem,26.6707,12.6,49.4,23.5,14.5,2667.07
Fayette County,FALSE,H,Lib,1.8378,12.6,49.4,23.5,14.5,183.78
Greene County,TRUE,H,GOP,64.2337,7.4,25.2,29.8,37.6,6423.37
Greene County,FALSE,H,Dem,33.6425,7.4,25.2,29.8,37.6,3364.25
Greene County,FALSE,H,Lib,2.1238,7.4,25.2,29.8,37.6,212.38
Montgomery County,TRUE,H,GOP,52.997,10.4,28.4,35.1,26.1,5299.7
Montgomery County,FALSE,H,Dem,45.2034,10.4,28.4,35.1,26.1,4520.34
Montgomery County,FALSE,H,Lib,1.7996,10.4,28.4,35.1,26.1,179.96
Cuyahoga County,TRUE,H,Dem,83.4377,11.5,28.3,29.3,30.9,8343.77
Cuyahoga County,FALSE,H,GOP,16.5623,11.5,28.3,29.3,30.9,1656.23
Summit County,TRUE,H,Dem,72.3566,9,32.1,28.1,30.7,7235.66
Summit County,FALSE,H,GOP,27.6434,9,32.1,28.1,30.7,2764.34
Mahoning County,TRUE,H,Dem,63.2303,9.9,37.9,29.4,22.8,6323.03
Mahoning County,FALSE,H,GOP,36.7697,9.9,37.9,29.4,22.8,3676.97
Portage County,TRUE,H,Dem,59.378,8.1,37.2,27.4,27.3,5937.8
Portage County,FALSE,H,GOP,40.622,8.1,37.2,27.4,27.3,4062.2
Stark County,TRUE,H,Dem,49.5291,9.6,37.9,29.9,22.6,4952.91
Stark County,FALSE,H,GOP,50.4709,9.6,37.9,29.9,22.6,5047.09
Summit County,TRUE,H,Dem,63.1375,9,32.1,28.1,30.7,6313.75
Summit County,FALSE,H,GOP,36.8625,9,32.1,28.1,30.7,3686.25
Trumbull County,TRUE,H,Dem,57.6765,11.1,45.2,25.7,18,5767.65
Trumbull County,FALSE,H,GOP,42.3235,11.1,45.2,25.7,18,4232.35
Ashtabula County,TRUE,H,GOP,58.2939,14.6,44.3,28,13.1,5829.39
Ashtabula County,FALSE,H,Dem,41.7061,14.6,44.3,28,13.1,4170.61
Cuyahoga County,TRUE,H,GOP,47.1938,11.5,28.3,29.3,30.9,4719.38
Cuyahoga County,FALSE,H,Dem,52.8062,11.5,28.3,29.3,30.9,5280.62
Geauga County,TRUE,H,GOP,63.4332,8.9,27,26.8,37.3,6343.32
Geauga County,FALSE,H,Dem,36.5668,8.9,27,26.8,37.3,3656.68
Lake County,TRUE,H,GOP,57.547,8.1,33.5,31.5,27,5754.7
Lake County,FALSE,H,Dem,42.453,8.1,33.5,31.5,27,4245.3
Portage County,TRUE,H,GOP,60.2848,8.1,37.2,27.4,27.3,6028.48
Portage County,FALSE,H,Dem,39.7152,8.1,37.2,27.4,27.3,3971.52
Summit County,TRUE,H,GOP,49.552,9,32.1,28.1,30.7,4955.2
Summit County,FALSE,H,Dem,50.448,9,32.1,28.1,30.7,5044.8
Trumbull County,TRUE,H,GOP,67.7499,11.1,45.2,25.7,18,6774.99
Trumbull County,FALSE,H,Dem,32.2501,11.1,45.2,25.7,18,3225.01
Athens County,TRUE,H,GOP,34.468,10.3,32.9,27.7,29.1,3446.8
Athens County,FALSE,H,Dem,63.1079,10.3,32.9,27.7,29.1,6310.79
Athens County,FALSE,H,Lib,2.4241,10.3,32.9,27.7,29.1,242.41
Clinton County,TRUE,H,GOP,74.4537,11.5,42.2,29.8,16.5,7445.37
Clinton County,FALSE,H,Dem,22.8198,11.5,42.2,29.8,16.5,2281.98
Clinton County,FALSE,H,Lib,2.7266,11.5,42.2,29.8,16.5,272.66
Fairfield County,TRUE,H,GOP,64.9611,8.3,33.8,31.5,26.4,6496.11
Fairfield County,FALSE,H,Dem,33.1394,8.3,33.8,31.5,26.4,3313.94
Fairfield County,FALSE,H,Lib,1.8995,8.3,33.8,31.5,26.4,189.95
Fayette County,TRUE,H,GOP,82.4277,12.6,49.4,23.5,14.5,8242.77
Fayette County,FALSE,H,Dem,15.7225,12.6,49.4,23.5,14.5,1572.25
Fayette County,FALSE,H,Lib,1.8497,12.6,49.4,23.5,14.5,184.97
Franklin County,TRUE,H,GOP,49.5539,9.6,25,27,38.4,4955.39
Franklin County,FALSE,H,Dem,48.7882,9.6,25,27,38.4,4878.82
Franklin County,FALSE,H,Lib,1.6579,9.6,25,27,38.4,165.79
Hocking County,TRUE,H,GOP,66.3794,11.6,45.3,29,14.1,6637.94
Hocking County,FALSE,H,Dem,31.2199,11.6,45.3,29,14.1,3121.99
Hocking County,FALSE,H,Lib,2.4007,11.6,45.3,29,14.1,240.07
Madison County,TRUE,H,GOP,72.5603,13.3,42,28.4,16.4,7256.03
Madison County,FALSE,H,Dem,25.6775,13.3,42,28.4,16.4,2567.75
Madison County,FALSE,H,Lib,1.7622,13.3,42,28.4,16.4,176.22
Morgan County,TRUE,H,GOP,71.2362,12.3,46.7,28.9,12.2,7123.62
Morgan County,FALSE,H,Dem,27.0754,12.3,46.7,28.9,12.2,2707.54
Morgan County,FALSE,H,Lib,1.6884,12.3,46.7,28.9,12.2,168.84
Perry County,TRUE,H,GOP,70.3632,16.1,44.3,27.7,12,7036.32
Perry County,FALSE,H,Dem,27.2864,16.1,44.3,27.7,12,2728.64
Perry County,FALSE,H,Lib,2.3504,16.1,44.3,27.7,12,235.04
Pickaway County,TRUE,H,GOP,73.0743,12.9,43.3,26.5,17.3,7307.43
Pickaway County,FALSE,H,Dem,24.8648,12.9,43.3,26.5,17.3,2486.48
Pickaway County,FALSE,H,Lib,2.0609,12.9,43.3,26.5,17.3,206.09
Ross County,TRUE,H,GOP,68.3056,14.3,43.6,26.8,15.3,6830.56
Ross County,FALSE,H,Dem,29.6686,14.3,43.6,26.8,15.3,2966.86
Ross County,FALSE,H,Lib,2.0258,14.3,43.6,26.8,15.3,202.58
Vinton County,TRUE,H,GOP,68.2406,19.2,46.3,25,9.6,6824.06
Vinton County,FALSE,H,Dem,29.4483,19.2,46.3,25,9.6,2944.83
Vinton County,FALSE,H,Lib,2.3111,19.2,46.3,25,9.6,231.11
Cuyahoga County,TRUE,H,GOP,51.1236,11.5,28.3,29.3,30.9,5112.36
Cuyahoga County,FALSE,H,Dem,48.8764,11.5,28.3,29.3,30.9,4887.64
Medina County,TRUE,H,GOP,59.3015,6.4,31.9,30.3,31.5,5930.15
Medina County,FALSE,H,Dem,40.6985,6.4,31.9,30.3,31.5,4069.85
Portage County,TRUE,H,GOP,58.9963,8.1,37.2,27.4,27.3,5899.63
Portage County,FALSE,H,Dem,41.0037,8.1,37.2,27.4,27.3,4100.37
Stark County,TRUE,H,GOP,60.5589,9.6,37.9,29.9,22.6,6055.89
Stark County,FALSE,H,Dem,39.4411,9.6,37.9,29.9,22.6,3944.11
Summit County,TRUE,H,GOP,55.5905,9,32.1,28.1,30.7,5559.05
Summit County,FALSE,H,Dem,44.4095,9,32.1,28.1,30.7,4440.95
Wayne County,TRUE,H,GOP,66.1981,14.6,40.5,23.4,21.5,6619.81
Wayne County,FALSE,H,Dem,33.8019,14.6,40.5,23.4,21.5,3380.19
Adams County,TRUE,H,GOP,78.0167,21.8,45.7,21.7,10.9,7801.67
Adams County,FALSE,H,Dem,20.751,21.8,45.7,21.7,10.9,2075.1
Adams County,FALSE,H,Grn,1.2323,21.8,45.7,21.7,10.9,123.23
Brown County,TRUE,H,GOP,76.4606,14.7,47.7,25.1,12.4,7646.06
Brown County,FALSE,H,Dem,22.2525,14.7,47.7,25.1,12.4,2225.25
Brown County,FALSE,H,Grn,1.2869,14.7,47.7,25.1,12.4,128.69
Clermont County,TRUE,H,GOP,70.6873,10.4,33.5,28.5,27.6,7068.73
Clermont County,FALSE,H,Dem,28.0658,10.4,33.5,28.5,27.6,2806.58
Clermont County,FALSE,H,Grn,1.2469,10.4,33.5,28.5,27.6,124.69
Hamilton County,TRUE,H,GOP,44.5817,9.9,27,27.5,35.6,4458.17
Hamilton County,FALSE,H,Dem,54.2643,9.9,27,27.5,35.6,5426.43
Hamilton County,FALSE,H,Grn,1.1541,9.9,27,27.5,35.6,115.41
Highland County,TRUE,H,GOP,78.15,16.1,43.2,28.7,12,7815
Highland County,FALSE,H,Dem,20.4965,16.1,43.2,28.7,12,2049.65
Highland County,FALSE,H,Grn,1.3535,16.1,43.2,28.7,12,135.35
Pike County,TRUE,H,GOP,63.8596,21.9,40.7,25.2,12.3,6385.96
Pike County,FALSE,H,Dem,34.8304,21.9,40.7,25.2,12.3,3483.04
Pike County,FALSE,H,Grn,1.3099,21.9,40.7,25.2,12.3,130.99
Ross County,TRUE,H,GOP,58.5163,14.3,43.6,26.8,15.3,5851.63
Ross County,FALSE,H,Dem,39.9856,14.3,43.6,26.8,15.3,3998.56
Ross County,FALSE,H,Grn,1.4982,14.3,43.6,26.8,15.3,149.82
Scioto County,TRUE,H,GOP,58.1336,15.9,40.6,28.5,15,5813.36
Scioto County,FALSE,H,Dem,40.4538,15.9,40.6,28.5,15,4045.38
Scioto County,FALSE,H,Grn,1.4126,15.9,40.6,28.5,15,141.26
Butler County,TRUE,H,GOP,63.1389,10.3,33.3,27.2,29.1,6313.89
Butler County,FALSE,H,Dem,36.8611,10.3,33.3,27.2,29.1,3686.11
Clark County,TRUE,H,GOP,59.4211,12.8,37.1,32.1,18,5942.11
Clark County,FALSE,H,Dem,40.5789,12.8,37.1,32.1,18,4057.89
Darke County,TRUE,H,GOP,80.5524,11.1,48.5,27.3,13.1,8055.24
Darke County,FALSE,H,Dem,19.4476,11.1,48.5,27.3,13.1,1944.76
Mercer County,TRUE,H,GOP,87.2014,8.2,47.8,27.1,16.8,8720.14
Mercer County,FALSE,H,Dem,12.7986,8.2,47.8,27.1,16.8,1279.86
Miami County,TRUE,H,GOP,74.1827,10.9,36,32,21.1,7418.27
Miami County,FALSE,H,Dem,25.8173,10.9,36,32,21.1,2581.73
Preble County,TRUE,H,GOP,76.3136,11.2,44.8,30.5,13.5,7631.36
Preble County,FALSE,H,Dem,23.6864,11.2,44.8,30.5,13.5,2368.64
Delaware County,TRUE,H,GOP,54.9719,3.4,20.5,23.7,52.5,5497.19
Delaware County,FALSE,H,Dem,43.9161,3.4,20.5,23.7,52.5,4391.61
Delaware County,FALSE,H,Grn,1.112,3.4,20.5,23.7,52.5,111.2
Franklin County,TRUE,H,GOP,37.1521,9.6,25,27,38.4,3715.21
Franklin County,FALSE,H,Dem,61.6057,9.6,25,27,38.4,6160.57
Franklin County,FALSE,H,Grn,1.2422,9.6,25,27,38.4,124.22
Licking County,TRUE,H,GOP,60.6033,9.6,36.4,30.7,23.3,6060.33
Licking County,FALSE,H,Dem,37.8609,9.6,36.4,30.7,23.3,3786.09
Licking County,FALSE,H,Grn,1.5358,9.6,36.4,30.7,23.3,153.58
Marion County,TRUE,H,GOP,69.1669,13.4,43.1,31.2,12.3,6916.69
Marion County,FALSE,H,Dem,29.2258,13.4,43.1,31.2,12.3,2922.58
Marion County,FALSE,H,Grn,1.6073,13.4,43.1,31.2,12.3,160.73
Morrow County,TRUE,H,GOP,69.7094,13.9,45.5,27.1,13.5,6970.94
Morrow County,FALSE,H,Dem,28.3401,13.9,45.5,27.1,13.5,2834.01
Morrow County,FALSE,H,Grn,1.9505,13.9,45.5,27.1,13.5,195.05
Muskingum County,TRUE,H,GOP,62.2456,13.5,41.4,30,15.1,6224.56
Muskingum County,FALSE,H,Dem,36.1399,13.5,41.4,30,15.1,3613.99
Muskingum County,FALSE,H,Grn,1.6145,13.5,41.4,30,15.1,161.45
Richland County,TRUE,H,GOP,59.987,12.8,40.9,29.9,16.4,5998.7
Richland County,FALSE,H,Dem,38.2904,12.8,40.9,29.9,16.4,3829.04
Richland County,FALSE,H,Grn,1.7226,12.8,40.9,29.9,16.4,172.26
Adams County,TRUE,S,Dem,30.5268,21.8,45.7,21.7,10.9,3052.68
Adams County,FALSE,S,GOP,69.4732,21.8,45.7,21.7,10.9,6947.32
Allen County,TRUE,S,Dem,39.9943,10.7,38.9,33,17.4,3999.43
Allen County,FALSE,S,GOP,60.0057,10.7,38.9,33,17.4,6000.57
Ashland County,TRUE,S,Dem,34.9413,12.6,43.1,24.7,19.6,3494.13
Ashland County,FALSE,S,GOP,65.0587,12.6,43.1,24.7,19.6,6505.87
Ashtabula County,TRUE,S,Dem,50.9777,14.6,44.3,28,13.1,5097.77
Ashtabula County,FALSE,S,GOP,49.0223,14.6,44.3,28,13.1,4902.23
Athens County,TRUE,S,Dem,68.0216,10.3,32.9,27.7,29.1,6802.16
Athens County,FALSE,S,GOP,31.9784,10.3,32.9,27.7,29.1,3197.84
Auglaize County,TRUE,S,Dem,28.8815,7.2,44.6,30.4,17.8,2888.15
Auglaize County,FALSE,S,GOP,71.1185,7.2,44.6,30.4,17.8,7111.85
Belmont County,TRUE,S,Dem,46.8542,10.1,42.4,31.1,16.4,4685.42
Belmont County,FALSE,S,GOP,53.1458,10.1,42.4,31.1,16.4,5314.58
Brown County,TRUE,S,Dem,31.408,14.7,47.7,25.1,12.4,3140.8
Brown County,FALSE,S,GOP,68.592,14.7,47.7,25.1,12.4,6859.2
Butler County,TRUE,S,Dem,40.6651,10.3,33.3,27.2,29.1,4066.51
Butler County,FALSE,S,GOP,59.3349,10.3,33.3,27.2,29.1,5933.49
Carroll County,TRUE,S,Dem,36.8224,13,47.8,27.8,11.4,3682.24
Carroll County,FALSE,S,GOP,63.1776,13,47.8,27.8,11.4,6317.76
Champaign County,TRUE,S,Dem,36.7395,10.9,45.4,27.3,16.5,3673.95
Champaign County,FALSE,S,GOP,63.2605,10.9,45.4,27.3,16.5,6326.05
Clark County,TRUE,S,Dem,48.9875,12.8,37.1,32.1,18,4898.75
Clark County,FALSE,S,GOP,51.0125,12.8,37.1,32.1,18,5101.25
Clermont County,TRUE,S,Dem,34.8136,10.4,33.5,28.5,27.6,3481.36
Clermont County,FALSE,S,GOP,65.1864,10.4,33.5,28.5,27.6,6518.64
Clinton County,TRUE,S,Dem,30.9956,11.5,42.2,29.8,16.5,3099.56
Clinton County,FALSE,S,GOP,69.0044,11.5,42.2,29.8,16.5,6900.44
Columbiana County,TRUE,S,Dem,39.033,12.4,45.4,28.3,13.9,3903.3
Columbiana County,FALSE,S,GOP,60.967,12.4,45.4,28.3,13.9,6096.7
Coshocton County,TRUE,S,Dem,39.451,14.3,49.3,24.4,12.1,3945.1
Coshocton County,FALSE,S,GOP,60.549,14.3,49.3,24.4,12.1,6054.9
Crawford County,TRUE,S,Dem,36.9066,11.5,45.8,30,12.7,3690.66
Crawford County,FALSE,S,GOP,63.0934,11.5,45.8,30,12.7,6309.34
Cuyahoga County,TRUE,S,Dem,72.1854,11.5,28.3,29.3,30.9,7218.54
Cuyahoga County,FALSE,S,GOP,27.8146,11.5,28.3,29.3,30.9,2781.46
Darke County,TRUE,S,Dem,28.5453,11.1,48.5,27.3,13.1,2854.53
Darke County,FALSE,S,GOP,71.4547,11.1,48.5,27.3,13.1,7145.47
Defiance County,TRUE,S,Dem,41.9494,10.2,44.6,29.5,15.8,4194.94
Defiance County,FALSE,S,GOP,58.0506,10.2,44.6,29.5,15.8,5805.06
Delaware County,TRUE,S,Dem,47.2797,3.4,20.5,23.7,52.5,4727.97
Delaware County,FALSE,S,GOP,52.7203,3.4,20.5,23.7,52.5,5272.03
Erie County,TRUE,S,Dem,54.8322,9.4,38.3,30.7,21.6,5483.22
Erie County,FALSE,S,GOP,45.1678,9.4,38.3,30.7,21.6,4516.78
Fairfield County,TRUE,S,Dem,44.533,8.3,33.8,31.5,26.4,4453.3
Fairfield County,FALSE,S,GOP,55.467,8.3,33.8,31.5,26.4,5546.7
Fayette County,TRUE,S,Dem,34.3104,12.6,49.4,23.5,14.5,3431.04
Fayette County,FALSE,S,GOP,65.6896,12.6,49.4,23.5,14.5,6568.96
Franklin County,TRUE,S,Dem,68.4959,9.6,25,27,38.4,6849.59
Franklin County,FALSE,S,GOP,31.5041,9.6,25,27,38.4,3150.41
Fulton County,TRUE,S,Dem,41.4936,9.6,42,31.4,17,4149.36
Fulton County,FALSE,S,GOP,58.5064,9.6,42,31.4,17,5850.64
Gallia County,TRUE,S,Dem,34.7532,19.5,40.4,24.7,15.4,3475.32
Gallia County,FALSE,S,GOP,65.2468,19.5,40.4,24.7,15.4,6524.68
Geauga County,TRUE,S,Dem,44.8356,8.9,27,26.8,37.3,4483.56
Geauga County,FALSE,S,GOP,55.1644,8.9,27,26.8,37.3,5516.44
Greene County,TRUE,S,Dem,44.0094,7.4,25.2,29.8,37.6,4400.94
Greene County,FALSE,S,GOP,55.9906,7.4,25.2,29.8,37.6,5599.06
Guernsey County,TRUE,S,Dem,39.9008,15.5,42.3,28.5,13.7,3990.08
Guernsey County,FALSE,S,GOP,60.0992,15.5,42.3,28.5,13.7,6009.92
Hamilton County,TRUE,S,Dem,58.9264,9.9,27,27.5,35.6,5892.64
Hamilton County,FALSE,S,GOP,41.0736,9.9,27,27.5,35.6,4107.36
Hancock County,TRUE,S,Dem,38.9329,7.5,36.4,30.3,25.8,3893.29
Hancock County,FALSE,S,GOP,61.0671,7.5,36.4,30.3,25.8,6106.71
Hardin County,TRUE,S,Dem,37.29,10.6,48.9,26.2,14.4,3729
Hardin County,FALSE,S,GOP,62.71,10.6,48.9,26.2,14.4,6271
Harrison County,TRUE,S,Dem,42.7251,14.1,47.2,29,9.7,4272.51
Harrison County,FALSE,S,GOP,57.2749,14.1,47.2,29,9.7,5727.49
Henry County,TRUE,S,Dem,42.2333,8.7,44.3,30.9,16,4223.33
Henry County,FALSE,S,GOP,57.7667,8.7,44.3,30.9,16,5776.67
Highland County,TRUE,S,Dem,29.3078,16.1,43.2,28.7,12,2930.78
Highland County,FALSE,S,GOP,70.6922,16.1,43.2,28.7,12,7069.22
Hocking County,TRUE,S,Dem,44.683,11.6,45.3,29,14.1,4468.3
Hocking County,FALSE,S,GOP,55.317,11.6,45.3,29,14.1,5531.7
Holmes County,TRUE,S,Dem,23.4008,41.5,36.3,14.4,7.7,2340.08
Holmes County,FALSE,S,GOP,76.5992,41.5,36.3,14.4,7.7,7659.92
Huron County,TRUE,S,Dem,43.9879,12.3,47,27.2,13.5,4398.79
Huron County,FALSE,S,GOP,56.0121,12.3,47,27.2,13.5,5601.21
Jackson County,TRUE,S,Dem,37.8367,15.8,42.7,24.6,16.9,3783.67
Jackson County,FALSE,S,GOP,62.1633,15.8,42.7,24.6,16.9,6216.33
Jefferson County,TRUE,S,Dem,46.3306,10.1,42.2,32.2,15.4,4633.06
Jefferson County,FALSE,S,GOP,53.6694,10.1,42.2,32.2,15.4,5366.94
Knox County,TRUE,S,Dem,36.9151,10.4,41.1,26.6,21.9,3691.51
Knox County,FALSE,S,GOP,63.0849,10.4,41.1,26.6,21.9,6308.49
Lake County,TRUE,S,Dem,51.9253,8.1,33.5,31.5,27,5192.53
Lake County,FALSE,S,GOP,48.0747,8.1,33.5,31.5,27,4807.47
Lawrence County,TRUE,S,Dem,39.6217,14.3,41.6,29.9,14.1,3962.17
Lawrence County,FALSE,S,GOP,60.3783,14.3,41.6,29.9,14.1,6037.83
Licking County,TRUE,S,Dem,42.8507,9.6,36.4,30.7,23.3,4285.07
Licking County,FALSE,S,GOP,57.1493,9.6,36.4,30.7,23.3,5714.93
Logan County,TRUE,S,Dem,31.7435,10.4,49.2,24.9,15.6,3174.35
Logan County,FALSE,S,GOP,68.2565,10.4,49.2,24.9,15.6,6825.65
Lorain County,TRUE,S,Dem,59.1221,10.8,32.2,33.5,23.5,5912.21
Lorain County,FALSE,S,GOP,40.8779,10.8,32.2,33.5,23.5,4087.79
Lucas County,TRUE,S,Dem,66.5137,11.2,30.4,33.3,25.1,6651.37
Lucas County,FALSE,S,GOP,33.4863,11.2,30.4,33.3,25.1,3348.63
Madison County,TRUE,S,Dem,37.322,13.3,42,28.4,16.4,3732.2
Madison County,FALSE,S,GOP,62.678,13.3,42,28.4,16.4,6267.8
Mahoning County,TRUE,S,Dem,60.3938,9.9,37.9,29.4,22.8,6039.38
Mahoning County,FALSE,S,GOP,39.6062,9.9,37.9,29.4,22.8,3960.62
Marion County,TRUE,S,Dem,42.1719,13.4,43.1,31.2,12.3,4217.19
Marion County,FALSE,S,GOP,57.8281,13.4,43.1,31.2,12.3,5782.81
Medina County,TRUE,S,Dem,45.9979,6.4,31.9,30.3,31.5,4599.79
Medina County,FALSE,S,GOP,54.0021,6.4,31.9,30.3,31.5,5400.21
Meigs County,TRUE,S,Dem,36.8989,16,43.2,27.3,13.4,3689.89
Meigs County,FALSE,S,GOP,63.1011,16,43.2,27.3,13.4,6310.11
Mercer County,TRUE,S,Dem,26.29,8.2,47.8,27.1,16.8,2629
Mercer County,FALSE,S,GOP,73.71,8.2,47.8,27.1,16.8,7371
Miami County,TRUE,S,Dem,34.183,10.9,36,32,21.1,3418.3
Miami County,FALSE,S,GOP,65.817,10.9,36,32,21.1,6581.7
Monroe County,TRUE,S,Dem,47.6726,12.5,51.1,25.7,10.7,4767.26
Monroe County,FALSE,S,GOP,52.3274,12.5,51.1,25.7,10.7,5232.74
Montgomery County,TRUE,S,Dem,55.8627,10.4,28.4,35.1,26.1,5586.27
Montgomery County,FALSE,S,GOP,44.1373,10.4,28.4,35.1,26.1,4413.73
Morgan County,TRUE,S,Dem,42.1983,12.3,46.7,28.9,12.2,4219.83
Morgan County,FALSE,S,GOP,57.8017,12.3,46.7,28.9,12.2,5780.17
Morrow County,TRUE,S,Dem,33.2172,13.9,45.5,27.1,13.5,3321.72
Morrow County,FALSE,S,GOP,66.7828,13.9,45.5,27.1,13.5,6678.28
Muskingum County,TRUE,S,Dem,42.8225,13.5,41.4,30,15.1,4282.25
Muskingum County,FALSE,S,GOP,57.1775,13.5,41.4,30,15.1,5717.75
Noble County,TRUE,S,Dem,36.7653,15.9,49.8,24.8,9.5,3676.53
Noble County,FALSE,S,GOP,63.2347,15.9,49.8,24.8,9.5,6323.47
Ottawa County,TRUE,S,Dem,51.9009,7.7,37.7,33.3,21.3,5190.09
Ottawa County,FALSE,S,GOP,48.0991,7.7,37.7,33.3,21.3,4809.91
Paulding County,TRUE,S,Dem,32.3819,9.8,49.7,27.5,13,3238.19
Paulding County,FALSE,S,GOP,67.6181,9.8,49.7,27.5,13,6761.81
Perry County,TRUE,S,Dem,40.071,16.1,44.3,27.7,12,4007.1
Perry County,FALSE,S,GOP,59.929,16.1,44.3,27.7,12,5992.9
Pickaway County,TRUE,S,Dem,37.7489,12.9,43.3,26.5,17.3,3774.89
Pickaway County,FALSE,S,GOP,62.2511,12.9,43.3,26.5,17.3,6225.11
Pike County,TRUE,S,Dem,44.4175,21.9,40.7,25.2,12.3,4441.75
Pike County,FALSE,S,GOP,55.5825,21.9,40.7,25.2,12.3,5558.25
Portage County,TRUE,S,Dem,53.0752,8.1,37.2,27.4,27.3,5307.52
Portage County,FALSE,S,GOP,46.9248,8.1,37.2,27.4,27.3,4692.48
Preble County,TRUE,S,Dem,31.3368,11.2,44.8,30.5,13.5,3133.68
Preble County,FALSE,S,GOP,68.6632,11.2,44.8,30.5,13.5,6866.32
Putnam County,TRUE,S,Dem,29.6184,7.1,42.3,31.1,19.4,2961.84
Putnam County,FALSE,S,GOP,70.3816,7.1,42.3,31.1,19.4,7038.16
Richland County,TRUE,S,Dem,40.3033,12.8,40.9,29.9,16.4,4030.33
Richland County,FALSE,S,GOP,59.6967,12.8,40.9,29.9,16.4,5969.67
Ross County,TRUE,S,Dem,45.3893,14.3,43.6,26.8,15.3,4538.93
Ross County,FALSE,S,GOP,54.6107,14.3,43.6,26.8,15.3,5461.07
Sandusky County,TRUE,S,Dem,49.5498,10.7,42.3,32.2,14.8,4954.98
Sandusky County,FALSE,S,GOP,50.4502,10.7,42.3,32.2,14.8,5045.02
Scioto County,TRUE,S,Dem,44.9818,15.9,40.6,28.5,15,4498.18
Scioto County,FALSE,S,GOP,55.0182,15.9,40.6,28.5,15,5501.82
Seneca County,TRUE,S,Dem,46.8128,9.2,45.5,30.6,14.7,4681.28
Seneca County,FALSE,S,GOP,53.1872,9.2,45.5,30.6,14.7,5318.72
Shelby County,TRUE,S,Dem,27.8947,9.3,43.4,30.2,17.1,2789.47
Shelby County,FALSE,S,GOP,72.1053,9.3,43.4,30.2,17.1,7210.53
Stark County,TRUE,S,Dem,49.1672,9.6,37.9,29.9,22.6,4916.72
Stark County,FALSE,S,GOP,50.8328,9.6,37.9,29.9,22.6,5083.28
Summit County,TRUE,S,Dem,60.6509,9,32.1,28.1,30.7,6065.09
Summit County,FALSE,S,GOP,39.3491,9,32.1,28.1,30.7,3934.91
Trumbull County,TRUE,S,Dem,57.908,11.1,45.2,25.7,18,5790.8
Trumbull County,FALSE,S,GOP,42.092,11.1,45.2,25.7,18,4209.2
Tuscarawas County,TRUE,S,Dem,43.5631,14.1,46.4,24.5,15,4356.31
Tuscarawas County,FALSE,S,GOP,56.4369,14.1,46.4,24.5,15,5643.69
Union County,TRUE,S,Dem,37.7689,8.1,35.7,27.2,29.1,3776.89
Union County,FALSE,S,GOP,62.2311,8.1,35.7,27.2,29.1,6223.11
Van Wert County,TRUE,S,Dem,28.1011,8.5,47.6,26.8,17.2,2810.11
Van Wert County,FALSE,S,GOP,71.8989,8.5,47.6,26.8,17.2,7189.89
Vinton County,TRUE,S,Dem,40.0099,19.2,46.3,25,9.6,4000.99
Vinton County,FALSE,S,GOP,59.9901,19.2,46.3,25,9.6,5999.01
Warren County,TRUE,S,Dem,35.9016,7.1,26.1,25.8,41,3590.16
Warren County,FALSE,S,GOP,64.0984,7.1,26.1,25.8,41,6409.84
Washington County,TRUE,S,Dem,39.9841,9.8,41.3,30.5,18.4,3998.41
Washington County,FALSE,S,GOP,60.0159,9.8,41.3,30.5,18.4,6001.59
Wayne County,TRUE,S,Dem,38.808,14.6,40.5,23.4,21.5,3880.8
Wayne County,FALSE,S,GOP,61.192,14.6,40.5,23.4,21.5,6119.2
Williams County,TRUE,S,Dem,39.9109,11.4,45,29.4,14.2,3991.09
Williams County,FALSE,S,GOP,60.0891,11.4,45,29.4,14.2,6008.91
Wood County,TRUE,S,Dem,55.1758,5.9,31.4,31,31.7,5517.58
Wood County,FALSE,S,GOP,44.8242,5.9,31.4,31,31.7,4482.42
Wyandot County,TRUE,S,Dem,37.8378,9.7,48,27.7,14.6,3783.78
Wyandot County,FALSE,S,GOP,62.1622,9.7,48,27.7,14.6,6216.22